EventTime,Symbol,aggTradeID,price,quantity,bidderMaker,priceTimesQuantity,cml_vol,sig,cml_bid,sequential,jerk
2021-10-09 14:28:46.366,BTCUSDT,946974158,54996.36,0.011,True,-604.95996,217781.00294240005,-1,28,12.187290782337186,13.434613444340727
2021-10-09 14:28:46.418,BTCUSDT,946974159,54996.35,0.018,True,-989.9343,216791.0686424001,-1,27,9.938103535520511,9.567674103869251
2021-10-09 14:28:46.462,BTCUSDT,946974160,54996.16,0.01408,True,-774.3459328000001,216016.7227096001,-1,26,8.297877386517968,6.645875837216167
2021-10-09 14:28:46.701,BTCUSDT,946974161,54993.01,0.02828,False,1555.2023228,217571.9250324001,1,27,6.72383096579081,3.78329804318453
2021-10-09 14:28:46.708,BTCUSDT,946974162,54993.01,0.00126,False,69.2911926,217641.21622500007,1,28,5.1770930509155875,1.0114122624649582
2021-10-09 14:28:47.112,BTCUSDT,946974163,54993.0,0.00372,True,-204.57396,217436.6422650001,-1,27,4.379560262928834,-1.1748677566732795
2021-10-09 14:28:47.191,BTCUSDT,946974164,54993.01,0.01499,False,824.3452199000001,218260.98748490005,1,28,3.6279324903876358,-3.297384084144838
2021-10-09 14:28:47.326,BTCUSDT,946974165,54993.0,0.00136,True,-74.79048,218186.19700490005,-1,27,2.364519708319392,-6.212979999266935
2021-10-09 14:28:48.056,BTCUSDT,946974166,54993.0,0.00273,True,-150.13089,218036.06611490005,-1,26,1.182685649851308,-8.829797830829136
2021-10-09 14:28:48.109,BTCUSDT,946974167,54993.0,0.00173,True,-95.13789,217940.92822490004,-1,25,0.11561768404808959,-11.100724223756856
2021-10-09 14:28:48.170,BTCUSDT,946974168,54993.01,0.00545,False,299.7119045,218240.64012940004,1,26,-0.8033786810795789,-12.990669463416765
2021-10-09 14:28:48.194,BTCUSDT,946974169,54993.01,0.01499,False,824.3452199000001,219064.98534930003,1,27,-0.21610507054955974,-10.154208606070071
2021-10-09 14:28:48.249,BTCUSDT,946974170,54993.0,0.02603,True,-1431.4677900000002,217633.51755930003,-1,26,0.11428413701146667,-8.183593249506501
2021-10-09 14:28:48.271,BTCUSDT,946974171,54993.01,0.00909,False,499.8864609000001,218133.4040202,1,27,0.3772094726769808,-6.34662149311383
2021-10-09 14:28:48.272,BTCUSDT,946974172,54993.01,0.0038,False,208.973438,218342.3774582,1,28,0.6441381905746084,-4.532954860340979
2021-10-09 14:28:48.282,BTCUSDT,946974173,54993.01,0.01,False,549.9301,218892.3075582,1,29,0.42926772066897456,-3.9502925422598594
2021-10-09 14:28:48.305,BTCUSDT,946974174,54993.01,0.00041,False,22.5471341,218914.8546923,1,30,0.1740057808008828,-3.453926709586753
2021-10-09 14:28:48.347,BTCUSDT,946974175,54993.01,0.00857,False,471.2900957,219386.144788,1,31,0.1867458694842128,-2.1777738388351793
2021-10-09 14:28:48.415,BTCUSDT,946974176,54993.01,0.0004,False,21.997204000000004,219408.141992,1,32,0.22579925419931612,-0.956886395651992
2021-10-09 14:28:48.712,BTCUSDT,946974177,54993.01,0.02245,False,1234.5930745,220642.73506650003,1,33,0.29778628543533614,0.18216860138724655
2021-10-09 14:28:48.799,BTCUSDT,946974178,54993.01,1e-05,False,0.5499301000000001,220643.28499660004,1,34,0.34208220087050734,1.1454608819500862
2021-10-09 14:28:48.799,BTCUSDT,946974179,54996.36,0.01364,False,750.1503504,221393.43534700005,1,35,0.3429694677432167,0.5590745382927764
2021-10-09 14:28:48.799,BTCUSDT,946974180,54996.37,0.02388,False,1313.3133156,222706.7486626001,1,36,0.4213869601256164,0.3071028231141497
2021-10-09 14:28:48.799,BTCUSDT,946974181,54996.38,0.01485,False,816.696243,223523.44490560007,1,37,0.5309447611286515,0.15373528845167073
2021-10-09 14:28:48.799,BTCUSDT,946974182,55000.35,0.05215,False,2868.2682525,226391.7131581001,1,38,0.6971504836434974,0.053012293068888994
2021-10-09 14:28:48.799,BTCUSDT,946974183,55000.37,0.05007,False,2753.8685259000003,229145.5816840001,1,39,0.8950211423683214,0.46575342169934686
2021-10-09 14:28:48.799,BTCUSDT,946974184,55001.44,0.04543,False,2498.7154192,231644.29710320008,1,40,1.1656200322582606,0.9916142514573778
2021-10-09 14:28:48.814,BTCUSDT,946974185,54996.36,0.00076,True,-41.797233600000006,231602.49986960008,-1,39,1.4106739793984246,1.2239281099142119
2021-10-09 14:28:48.910,BTCUSDT,946974186,54995.1,0.00279,False,153.436329,231755.93619860007,1,40,1.6532204041403702,1.427421149941054
2021-10-09 14:28:49.011,BTCUSDT,946974187,54993.02,0.12,False,6599.162399999999,238355.09859860007,1,41,1.9817840651230796,1.6839977796877434
2021-10-09 14:28:49.097,BTCUSDT,946974188,54995.1,0.02529,False,1390.826079,239745.92467760007,1,42,2.34444559091051,2.002363390040003
2021-10-09 14:28:49.097,BTCUSDT,946974189,54999.18,0.24603,False,13531.4482554,253277.3729330001,1,43,2.980366190348761,2.637396722605544
2021-10-09 14:28:49.204,BTCUSDT,946974190,55000.11,0.01499,False,824.4516489,254101.8245819001,1,44,3.5340063013233447,3.1126193411977283
2021-10-09 14:28:49.206,BTCUSDT,946974191,55000.1,0.002,True,-110.0002,253991.82438190005,-1,43,4.0523301291232485,3.521385367994597
2021-10-09 14:28:49.322,BTCUSDT,946974192,55000.11,0.00018,False,9.9000198,254001.72440170005,1,44,4.443636828886127,3.74648634524263
2021-10-09 14:28:49.335,BTCUSDT,946974193,55000.11,0.86016,False,47308.8946176,301310.61901930004,1,45,5.679844274689259,4.784823132320938
2021-10-09 14:28:49.337,BTCUSDT,946974194,55000.11,0.00018,False,9.9000198,301320.51903910004,1,46,6.770008289000202,5.604388256741942
2021-10-09 14:28:49.339,BTCUSDT,946974195,55006.38,0.29025,False,15965.601795,317286.12083410006,1,47,8.13623947375433,6.725565494355905
2021-10-09 14:28:49.344,BTCUSDT,946974196,55005.63,0.03193,False,1756.3297659,319042.45060000004,1,48,9.47505755420788,7.821837150067509
2021-10-09 14:28:49.344,BTCUSDT,946974197,55005.63,0.03,False,1650.1689,320692.61950000003,1,49,10.558052416822463,8.576268351699383
2021-10-09 14:28:49.345,BTCUSDT,946974198,55005.63,0.18807,False,10344.9088341,331037.52833410003,1,50,11.72163707030866,9.37719147939815
2021-10-09 14:28:49.345,BTCUSDT,946974199,55006.39,0.12443,False,6844.445107699999,337881.97344180004,1,51,12.456129494313743,9.475763303964982
2021-10-09 14:28:49.350,BTCUSDT,946974200,55007.4,0.01816,False,998.934384,338880.90782580007,1,52,13.172105121788789,9.638098820465444
2021-10-09 14:28:49.350,BTCUSDT,946974201,55007.41,0.01184,False,651.2877344,339532.1955602001,1,53,13.888934633706398,9.83660450458315
2021-10-09 14:28:49.351,BTCUSDT,946974202,55007.41,0.1613,False,8872.695233,348404.89079320006,1,54,14.767600595596093,10.323963766709966
2021-10-09 14:28:49.351,BTCUSDT,946974203,55008.73,0.02,False,1100.1746,349505.0653932001,1,55,14.04703918217956,8.367194907490301
2021-10-09 14:28:49.351,BTCUSDT,946974204,55009.39,0.03741,False,2057.9012799,351562.9666731001,1,56,13.43352629140773,6.663518002407528
2021-10-09 14:28:49.351,BTCUSDT,946974205,55010.0,0.02,False,1100.2,352663.1666731001,1,57,12.330353893686379,4.194114419932049
2021-10-09 14:28:49.351,BTCUSDT,946974206,55010.81,0.04929,False,2711.4828249,355374.6494980001,1,58,11.255373886926705,1.7803163327188258
2021-10-09 14:28:49.353,BTCUSDT,946974207,55010.81,0.01442,False,793.2558802,356167.9053782001,1,59,10.297365713247004,-0.260686703575459
2021-10-09 14:28:49.353,BTCUSDT,946974208,55011.0,0.01558,False,857.07138,357024.9767582001,1,60,9.086978318548262,-2.634658751760398
2021-10-09 14:28:49.361,BTCUSDT,946974209,55011.0,0.00442,False,243.14862,357268.1253782001,1,61,7.937717621865502,-4.51841187244824
2021-10-09 14:28:49.361,BTCUSDT,946974210,55011.64,0.07093,False,3901.9756252,361170.1010034001,1,62,6.862802811735065,-6.309302310053724
2021-10-09 14:28:49.372,BTCUSDT,946974211,55013.0,0.04,False,2200.52,363370.6210034001,1,63,5.8319186847732,-8.057015948933199
2021-10-09 14:28:49.372,BTCUSDT,946974212,55013.29,0.00822,False,452.2092438,363822.83024720015,1,64,4.580476547897746,-10.187124047698347
2021-10-09 14:28:49.372,BTCUSDT,946974213,55014.0,0.04,False,2200.56,366023.39024720015,1,65,4.077571367152231,-9.969467815027329
2021-10-09 14:28:49.372,BTCUSDT,946974214,55014.11,0.13636,False,7501.724039600001,373525.11428680015,1,66,3.628958895583011,-9.80456739582472
2021-10-09 14:28:49.372,BTCUSDT,946974215,55014.46,0.02,False,1100.2892,374625.40348680015,1,67,3.408147235316733,-8.922206658369646
2021-10-09 14:28:49.380,BTCUSDT,946974216,55015.0,0.04,False,2200.6,376826.0034868001,1,68,3.1699940892791005,-8.085379797647605
2021-10-09 14:28:49.380,BTCUSDT,946974217,55016.0,0.04,False,2200.64,379026.64348680014,1,69,2.9672137071748494,-7.330152006072154
2021-10-09 14:28:49.380,BTCUSDT,946974218,55017.0,0.08,False,4401.36,383428.0034868001,1,70,2.9513641998850204,-6.135614118663241
2021-10-09 14:28:49.404,BTCUSDT,946974219,55019.41,0.00755,False,415.39654550000006,383843.40003230015,1,71,3.0320140372429307,-4.905703584622572
2021-10-09 14:28:49.406,BTCUSDT,946974220,55019.41,0.00755,False,415.39654550000006,384258.7965778002,1,72,3.0240941807083885,-3.8387086310266767
2021-10-09 14:28:49.408,BTCUSDT,946974221,55019.41,0.00306,False,168.3593946,384427.15597240016,1,73,2.967560775911153,-2.864357908862047
2021-10-09 14:28:49.408,BTCUSDT,946974222,55020.0,0.29566,False,16267.213199999998,400694.36917240015,1,74,3.237431060047342,-1.3430454878504037
2021-10-09 14:28:49.408,BTCUSDT,946974223,55020.0,0.11867,False,6529.2234,407223.5925724002,1,75,3.544377717314589,-0.5331936498376422
2021-10-09 14:28:49.412,BTCUSDT,946974224,55020.0,0.00755,False,415.401,407638.9935724002,1,76,3.6801100642625215,0.051151168679510306
2021-10-09 14:28:49.415,BTCUSDT,946974225,55020.0,0.13819,False,7603.2138,415242.2073724002,1,77,3.896659234742984,0.488511999426251
2021-10-09 14:28:49.420,BTCUSDT,946974226,55021.0,0.01545,False,850.07445,416092.2818224002,1,78,4.099622637025433,0.9296285477463329
2021-10-09 14:28:49.425,BTCUSDT,946974227,55021.0,0.01979,False,1088.86559,417181.1474124002,1,79,4.2663752950819855,1.299161587907136
2021-10-09 14:28:49.426,BTCUSDT,946974228,55021.0,0.01336,False,735.08056,417916.2279724002,1,80,4.337329900055494,1.3859657001704733
2021-10-09 14:28:49.431,BTCUSDT,946974229,55020.0,0.08,False,4401.6,422317.8279724002,1,81,4.453731178482002,1.4217171412390712
2021-10-09 14:28:49.432,BTCUSDT,946974230,55020.0,0.85,False,46767.0,469084.8279724002,1,82,5.173779345321066,2.149685164612677
2021-10-09 14:28:49.433,BTCUSDT,946974231,55021.0,0.0314,False,1727.6593999999998,470812.4873724002,1,83,5.919598056379499,2.952037280468346
2021-10-09 14:28:49.449,BTCUSDT,946974232,55025.53,0.00257,False,141.41561209999998,470953.90298450016,1,84,6.252633320744522,3.01520226069718
2021-10-09 14:28:49.478,BTCUSDT,946974233,55028.63,0.1818,False,10004.204934,480958.10791850014,1,85,6.560399604633147,3.0160218873185585
2021-10-09 14:28:49.478,BTCUSDT,946974234,55029.72,0.10641,False,5855.7125052,486813.82042370015,1,86,7.011077648173213,3.3309675839106916
2021-10-09 14:28:49.495,BTCUSDT,946974235,55031.02,0.14434,False,7943.177426799999,494756.99785050016,1,87,7.3709038334561825,3.4742445987131987
2021-10-09 14:28:49.496,BTCUSDT,946974236,55031.02,0.006,False,330.18612,495087.1839705002,1,88,7.73201910957016,3.632396472544727
2021-10-09 14:28:49.529,BTCUSDT,946974237,55036.3,0.007,False,385.2541000000001,495472.4380705002,1,89,8.089698875162327,3.8233235800803413
2021-10-09 14:28:49.588,BTCUSDT,946974238,55036.29,0.01312,True,-722.0761248,494750.3619457002,-1,88,8.467898263604084,4.130568363548591
2021-10-09 14:28:49.745,BTCUSDT,946974239,55036.29,0.00331,True,-182.1701199,494568.19182580017,-1,87,8.741247886063206,4.287516707581204
2021-10-09 14:28:49.760,BTCUSDT,946974240,55036.29,0.00061,True,-33.5721369,494534.6196889002,-1,86,7.977506188718138,2.8037268433970723
2021-10-09 14:28:49.883,BTCUSDT,946974241,55036.29,0.01731,True,-952.6781799,493581.9415090002,-1,85,7.186709933651116,1.267111877271617
2021-10-09 14:28:49.966,BTCUSDT,946974242,55036.3,0.05069,False,2789.790047,496371.7315560002,1,86,6.627076222279399,0.37444290153487714
2021-10-09 14:28:49.966,BTCUSDT,946974243,55040.03,0.00182,False,100.1728546,496471.9044106002,1,87,5.939711819224144,-0.6206877854090038
2021-10-09 14:28:49.966,BTCUSDT,946974244,55045.5,0.0117,False,644.0323500000001,497115.9367606002,1,88,5.152167016776275,-1.8589106313969381
2021-10-09 14:28:49.974,BTCUSDT,946974245,55036.29,0.00542,True,-298.2966918,496817.6400688002,-1,87,4.292769244064232,-3.0781345893919507
2021-10-09 14:28:50.027,BTCUSDT,946974246,55040.02,0.0078,True,-429.312156,496388.3279128002,-1,86,3.4459621271558376,-4.286056982414323
2021-10-09 14:28:50.074,BTCUSDT,946974247,55040.02,0.0022,True,-121.088044,496267.2398688002,-1,85,2.615598611555086,-5.474100263607241
2021-10-09 14:28:50.076,BTCUSDT,946974248,55040.02,0.01241,True,-683.0466481999999,495584.1932206002,-1,84,1.8143447755069673,-6.653553488097117
2021-10-09 14:28:50.093,BTCUSDT,946974249,55040.02,0.0056,True,-308.224112,495275.96910860017,-1,83,1.0716953086027416,-7.669552577460465
2021-10-09 14:28:50.104,BTCUSDT,946974250,55037.15,0.05202,True,-2863.032543,492412.93656560016,-1,82,0.7888128216691541,-7.188693367048984
2021-10-09 14:28:50.104,BTCUSDT,946974251,55036.94,0.09004,True,-4955.5260776,487457.41048800014,-1,81,0.49418898317246374,-6.692520950478652
2021-10-09 14:28:50.120,BTCUSDT,946974252,55037.15,0.05,True,-2751.8575,484705.55298800016,-1,80,0.117600152513603,-6.509476069765796
2021-10-09 14:28:50.122,BTCUSDT,946974253,55037.15,0.16,True,-8805.944000000001,475899.60898800014,-1,79,-0.2483118245636433,-6.188023643787787
2021-10-09 14:28:50.125,BTCUSDT,946974254,55037.15,0.00322,True,-177.219623,475722.3893650001,-1,78,-0.5703995873740553,-5.72256660415033
2021-10-09 14:28:50.126,BTCUSDT,946974255,55037.15,0.15508,True,-8535.161222,467187.2281430001,-1,77,-0.8946652458250526,-5.187434489889284
2021-10-09 14:28:50.126,BTCUSDT,946974256,55037.15,0.07,True,-3852.600500000001,463334.6276430001,-1,76,-1.2484875693293986,-4.694449696485236
2021-10-09 14:28:50.128,BTCUSDT,946974257,55037.15,0.01772,True,-975.258298,462359.3693450001,-1,75,-1.6084012605202958,-4.223999872075382
2021-10-09 14:28:50.138,BTCUSDT,946974258,55037.15,0.01772,True,-975.258298,461384.11104700016,-1,74,-1.9742241919576315,-3.788568967464599
2021-10-09 14:28:50.148,BTCUSDT,946974259,55031.7,0.01738,True,-956.450946,460427.66010100016,-1,73,-2.3481427973869984,-3.41983810598974
2021-10-09 14:28:50.168,BTCUSDT,946974260,55031.69,0.00542,True,-298.27175980000004,460129.3883412002,-1,72,-2.668910123451653,-3.457722945120807
2021-10-09 14:28:50.222,BTCUSDT,946974261,55035.17,0.01499,False,824.9771982999999,460954.3655395002,1,73,-2.8897449152885173,-3.383933898460981
2021-10-09 14:28:50.292,BTCUSDT,946974262,55032.04,0.06203,True,-3413.6374412,457540.7280983002,-1,72,-3.063177098170385,-3.180777250683988
2021-10-09 14:28:50.323,BTCUSDT,946974263,55032.04,0.036,True,-1981.15344,455559.5746583002,-1,71,-3.07387611233861,-2.8255642877749665
2021-10-09 14:28:50.325,BTCUSDT,946974264,55032.04,0.0003,True,-16.509611999999997,455543.0650463002,-1,70,-3.0745463135990008,-2.5041467262249455
2021-10-09 14:28:50.325,BTCUSDT,946974265,55031.77,0.011,True,-605.3494699999999,454937.71557630016,-1,69,-2.9044103573473308,-2.009745111522278
2021-10-09 14:28:50.325,BTCUSDT,946974266,55031.69,0.06545,True,-3601.8241105,451335.8914658002,-1,68,-2.694654498468111,-1.4461669291387125
2021-10-09 14:28:50.359,BTCUSDT,946974267,55031.22,0.03313,False,1823.1843186,453159.07578440016,1,69,-2.4433879862958605,-0.8349867257755648
2021-10-09 14:28:50.372,BTCUSDT,946974268,55031.7,0.08687,True,-4780.603779,448378.47200540017,-1,68,-2.228440989266062,-0.2542167973084304
2021-10-09 14:28:50.375,BTCUSDT,946974269,55022.54,0.00047,True,-25.8605938,448352.61141160014,-1,67,-1.994226134471333,0.35391666291566537
2021-10-09 14:28:50.382,BTCUSDT,946974270,55022.54,0.00542,True,-298.2221668,448054.38924480014,-1,66,-1.7849209619071758,0.883989161544477
2021-10-09 14:28:50.466,BTCUSDT,946974271,55022.54,0.1,False,5502.254000000001,453556.64324480016,1,67,-1.5837993054964414,1.3059456097920759
2021-10-09 14:28:50.532,BTCUSDT,946974272,55022.09,0.0005,True,-27.511045,453529.13219980017,-1,66,-1.3366235477745079,1.7265535503958773
2021-10-09 14:28:50.568,BTCUSDT,946974273,55022.09,0.00099,True,-54.4718691,453474.66033070016,-1,65,-1.1402808711762873,1.9335952411623225
2021-10-09 14:28:50.606,BTCUSDT,946974274,55022.09,0.0151,True,-830.8335589999999,452643.8267717002,-1,64,-0.9537294640197729,2.120816849579228
2021-10-09 14:28:50.647,BTCUSDT,946974275,55022.09,0.0151,True,-830.8335589999999,451812.9932127002,-1,63,-0.8551384263323172,2.0492719310150136
2021-10-09 14:28:50.665,BTCUSDT,946974276,55022.09,0.0054,True,-297.119286,451515.8739267002,-1,62,-0.7223388954578382,1.9723156030102729
2021-10-09 14:28:50.675,BTCUSDT,946974277,55022.09,0.0054,True,-297.119286,451218.7546407002,-1,61,-0.64330006281142,1.8000879234844405
2021-10-09 14:28:50.708,BTCUSDT,946974278,55019.61,0.00031,False,17.0560791,451235.8107198002,1,62,-0.4691893405135943,1.7592516487524676
2021-10-09 14:28:50.717,BTCUSDT,946974279,55019.61,0.00636,False,349.9247196,451585.73543940025,1,63,-0.3007668589504675,1.6934592755208655
2021-10-09 14:28:50.957,BTCUSDT,946974280,55014.37,0.00624,True,-343.2896688,451242.4457706002,-1,62,-0.13251436106385484,1.652406600843321
2021-10-09 14:28:51.096,BTCUSDT,946974281,55014.38,0.012,False,660.17256,451902.6183306002,1,63,-0.06915668883638659,1.5146426166600548
2021-10-09 14:28:51.096,BTCUSDT,946974282,55019.59,0.01162,False,639.3276357999999,452541.9459664002,1,64,-0.03574491500913268,1.3008786327653752
2021-10-09 14:28:51.096,BTCUSDT,946974283,55019.61,0.01267,False,697.0984587,453239.0444251002,1,65,-0.015295577273889194,1.124985293902398
2021-10-09 14:28:51.232,BTCUSDT,946974284,55019.61,0.01499,False,824.7439539,454063.7883790002,1,66,0.03249240755400251,0.9862218715737754
2021-10-09 14:28:51.243,BTCUSDT,946974285,55019.6,0.00863,True,-474.819148,453588.9692310002,-1,65,0.08672992355467102,0.9418683498869882
2021-10-09 14:28:51.318,BTCUSDT,946974286,55019.61,0.00439,False,241.5360879,453830.5053189002,1,66,0.11032216281816432,0.8326610582760026
2021-10-09 14:28:51.611,BTCUSDT,946974287,55019.61,0.02435,False,1339.7275035,455170.2328224002,1,67,0.17546562777836527,0.8187656905897853
2021-10-09 14:28:51.763,BTCUSDT,946974288,55019.6,0.05041,True,-2773.538036,452396.6947864002,-1,66,0.15663186982226307,0.6258212103358574
2021-10-09 14:28:51.768,BTCUSDT,946974289,55019.61,0.20017,False,11013.2753337,463409.97012010025,1,67,0.25119602830392296,0.5519628872543905
2021-10-09 14:28:51.774,BTCUSDT,946974290,55014.37,0.00078,True,-42.9112086,463367.05891150027,-1,66,0.3492430968751421,0.48175745793899694
2021-10-09 14:28:51.840,BTCUSDT,946974291,55012.44,0.00183,False,100.6727652,463467.7316767003,1,67,0.4943633982756239,0.5635200871120105
2021-10-09 14:28:51.952,BTCUSDT,946974292,55012.43,0.00019,True,-10.4523617,463457.2793150003,-1,66,0.6246901953303308,0.6604351103394634
2021-10-09 14:28:52.055,BTCUSDT,946974293,55012.44,0.00844,False,464.3049936,463921.5843086003,1,67,0.7438792608145377,0.7591748380884269
2021-10-09 14:28:52.235,BTCUSDT,946974294,55012.44,0.01499,False,824.6364756,464746.2207842003,1,68,0.8444795026420167,0.8119870950880141
2021-10-09 14:28:52.256,BTCUSDT,946974295,55012.43,0.01981,True,-1089.7962383,463656.4245459003,-1,67,0.9342041456971089,0.8474742221424378
2021-10-09 14:28:52.278,BTCUSDT,946974296,55011.37,0.00909,False,500.0533533000001,464156.47789920034,1,68,1.020542803261165,0.9102206404430007
2021-10-09 14:28:52.407,BTCUSDT,946974297,55011.36,0.015,True,-825.1704,463331.30749920034,-1,67,1.0651773184190176,0.8897116906406524
2021-10-09 14:28:52.541,BTCUSDT,946974298,55010.17,0.02,True,-1100.2034,462231.10409920034,-1,66,1.1585337738511754,1.0019019040289123
2021-10-09 14:28:52.560,BTCUSDT,946974299,55008.97,0.006,True,-330.05382000000003,461901.0502792004,-1,65,1.0119207130517367,0.7607246847478137
2021-10-09 14:28:52.620,BTCUSDT,946974300,55007.35,0.00731,True,-402.1037285,461498.9465507004,-1,64,0.8584622010661178,0.5092191041909757
2021-10-09 14:28:52.732,BTCUSDT,946974301,55007.35,0.00116,True,-63.808526,461435.13802470034,-1,63,0.7096973511868043,0.2153339529111804
2021-10-09 14:28:52.744,BTCUSDT,946974302,55007.36,0.00092,False,50.6067712,461485.7447959004,1,64,0.5689993730460685,-0.055690822284262254
2021-10-09 14:28:52.920,BTCUSDT,946974303,55007.36,0.00475,False,261.28496,461747.0297559004,1,65,0.4289180057617301,-0.3149612550528076
2021-10-09 14:28:52.937,BTCUSDT,946974304,55007.35,0.00365,True,-200.7768275,461546.2529284004,-1,64,0.278007244758129,-0.5664722578838877
2021-10-09 14:28:52.970,BTCUSDT,946974305,55007.35,0.00116,True,-63.808526,461482.4444024004,-1,63,0.14511753928969995,-0.7890866064074089
2021-10-09 14:28:53.099,BTCUSDT,946974306,55007.36,0.00363,False,199.6767168,461682.1211192004,1,64,0.0064038379079534025,-1.0141389653532116
2021-10-09 14:28:53.212,BTCUSDT,946974307,55007.35,0.00116,True,-63.808526,461618.3125932004,-1,63,-0.10043349997290818,-1.1656108183919258
2021-10-09 14:28:53.237,BTCUSDT,946974308,55007.36,0.01499,False,824.5603264,462442.87291960034,1,64,-0.2043239337137095,-1.362857707564885
2021-10-09 14:28:53.278,BTCUSDT,946974309,55007.35,0.00114,True,-62.708379,462380.1645406003,-1,63,-0.18285802981185384,-1.1947787428635905
2021-10-09 14:28:53.469,BTCUSDT,946974310,55007.36,0.00316,False,173.8232576,462553.98779820034,1,64,-0.15127497646729182,-1.0097371775334096
2021-10-09 14:28:53.489,BTCUSDT,946974311,55007.35,0.00116,True,-63.808526,462490.17927220033,-1,63,-0.11791027772848395,-0.8276076289152883
2021-10-09 14:28:53.588,BTCUSDT,946974312,55007.35,0.03325,True,-1828.9943875,460661.18488470034,-1,62,-0.10554214087224523,-0.6745415139183137
2021-10-09 14:28:53.588,BTCUSDT,946974313,55007.0,0.02,True,-1100.14,459561.0448847003,-1,61,-0.10571560408895664,-0.5346336098506868
2021-10-09 14:28:53.588,BTCUSDT,946974314,55006.09,0.00983,True,-540.7098647,459020.3350200004,-1,60,-0.09848376131213854,-0.37649100607026753
2021-10-09 14:28:53.588,BTCUSDT,946974315,55006.08,0.02,True,-1100.1216000000002,457920.21342000033,-1,59,-0.11358372927449523,-0.2587012685641952
2021-10-09 14:28:53.588,BTCUSDT,946974316,55006.01,0.0079,True,-434.54747900000007,457485.66594100033,-1,58,-0.13233466454515508,-0.13873850245310848
2021-10-09 14:28:53.588,BTCUSDT,946974317,55004.21,0.01436,True,-789.8604555999999,456695.8054854003,-1,57,-0.16724841235628674,-0.06681491238337856
2021-10-09 14:28:53.588,BTCUSDT,946974318,55004.2,0.00401,True,-220.566842,456475.2386434003,-1,56,-0.23443223166795235,-0.030108297954242857
2021-10-09 14:28:53.615,BTCUSDT,946974319,55004.2,0.03599,True,-1979.601158,454495.6374854003,-1,55,-0.3254837784932363,-0.14262574868138245
2021-10-09 14:28:53.615,BTCUSDT,946974320,55003.16,0.00087,True,-47.852749200000005,454447.7847362003,-1,54,-0.42533773581268974,-0.2740627593453979
2021-10-09 14:28:53.615,BTCUSDT,946974321,55003.01,0.01615,True,-888.2986115000001,453559.4861247003,-1,53,-0.5343638885559159,-0.41645361082743193
2021-10-09 14:28:53.615,BTCUSDT,946974322,55003.0,0.04,True,-2200.12,451359.3661247003,-1,52,-0.6273020035726233,-0.5217598627003781
2021-10-09 14:28:53.615,BTCUSDT,946974323,55002.93,0.00592,True,-325.6173456,451033.7487791003,-1,51,-0.6971959666457082,-0.5914803625567515
2021-10-09 14:28:53.615,BTCUSDT,946974324,55001.73,0.04,True,-2200.0692000000004,448833.6795791003,-1,50,-0.7818311831744467,-0.6833474218623081
2021-10-09 14:28:53.615,BTCUSDT,946974325,55001.42,0.00158,True,-86.9022436,448746.7773355003,-1,49,-0.8442886584187193,-0.730704929144224
2021-10-09 14:28:53.615,BTCUSDT,946974326,55000.2,0.45353,True,-24944.240706,423802.5366295003,-1,48,-1.1716316063981225,-1.0392969418529674
2021-10-09 14:28:53.741,BTCUSDT,946974327,55000.21,0.00116,True,-63.8002436,423738.7363859003,-1,47,-1.4856953393808396,-1.318446927024553
2021-10-09 14:28:53.757,BTCUSDT,946974328,55000.22,0.03794,False,2086.7083468,425825.4447327003,1,48,-1.765021438318243,-1.5305892066502906
2021-10-09 14:28:53.765,BTCUSDT,946974329,55000.22,0.00039,False,21.4500858,425846.8948185003,1,49,-2.0030436488029437,-1.6775598703097074
2021-10-09 14:28:53.811,BTCUSDT,946974330,55000.21,0.00238,True,-130.9004998,425715.99431870034,-1,48,-2.241536017052752,-1.8161982812400623
2021-10-09 14:28:53.860,BTCUSDT,946974331,55000.21,0.0008,True,-44.000168,425671.99415070034,-1,47,-2.4632860321465557,-1.9289221435906398
2021-10-09 14:28:53.953,BTCUSDT,946974332,55000.21,0.00162,True,-89.10034019999999,425582.89381050033,-1,46,-2.65841415320439,-2.031112149631767
2021-10-09 14:28:54.001,BTCUSDT,946974333,55000.21,0.00116,True,-63.8002436,425519.0935669004,-1,45,-2.860546837944483,-2.163350871298775
2021-10-09 14:28:54.115,BTCUSDT,946974334,55000.22,0.00045,False,24.750099,425543.8436659004,1,46,-3.0199969570672778,-2.238165773892831
2021-10-09 14:28:54.153,BTCUSDT,946974335,55000.21,0.042,True,-2310.00882,423233.8348459004,-1,45,-3.21794546752794,-2.373656809109221
2021-10-09 14:28:54.263,BTCUSDT,946974336,55000.21,0.00031,True,-17.0500651,423216.78478080034,-1,44,-2.8522652772003596,-1.6806336708022371
2021-10-09 14:28:54.298,BTCUSDT,946974337,55000.21,0.00116,True,-63.8002436,423152.9845372004,-1,43,-2.4918327628494126,-1.006137423468573
2021-10-09 14:28:54.349,BTCUSDT,946974338,55000.21,0.02,True,-1100.0042,422052.98033720034,-1,42,-2.192115633589026,-0.42709419527078296
2021-10-09 14:28:54.356,BTCUSDT,946974339,55000.21,0.034,True,-1870.00714,420182.97319720034,-1,41,-1.9350036483680384,0.06804000043490532
2021-10-09 14:28:54.418,BTCUSDT,946974340,55000.22,0.00189,False,103.9504158,420286.9236130003,1,42,-1.6721225342667054,0.5694134827860466
2021-10-09 14:28:54.466,BTCUSDT,946974341,55000.0,0.004,True,-220.0,420066.9236130003,-1,41,-1.4189306062849738,1.044355425861582
2021-10-09 14:28:54.466,BTCUSDT,946974342,55000.0,0.054,True,-2970.0,417096.9236130003,-1,40,-1.2222770897683404,1.4361370634360497
2021-10-09 14:28:54.546,BTCUSDT,946974343,55000.0,0.001,True,-55.0,417041.9236130003,-1,39,-1.0269804358310353,1.8335664021134477
2021-10-09 14:28:54.562,BTCUSDT,946974344,55000.0,0.00116,True,-63.8,416978.1236130003,-1,38,-0.8571909750541522,2.1628059820131256
2021-10-09 14:28:54.599,BTCUSDT,946974345,55000.01,0.00087,False,47.8500087,417025.9736217003,1,39,-0.6318818938880923,2.586063573639848
2021-10-09 14:28:54.672,BTCUSDT,946974346,55000.0,0.56451,True,-31048.05,385977.9236217003,-1,38,-1.0705640898040656,1.781701187396294
2021-10-09 14:28:54.694,BTCUSDT,946974347,55000.0,0.07588,True,-4173.400000000001,381804.5236217003,-1,37,-1.5630653300691506,0.928767432780262
2021-10-09 14:28:54.694,BTCUSDT,946974348,55000.0,0.011,True,-605.0,381199.5236217003,-1,36,-2.0169596135549313,0.1751560200340947
2021-10-09 14:28:54.698,BTCUSDT,946974349,55000.0,0.16789,True,-9233.95,371965.5736217003,-1,35,-2.544696531576065,-0.6096928832080266
2021-10-09 14:28:54.702,BTCUSDT,946974350,55000.0,0.13146,True,-7230.299999999999,364735.2736217003,-1,34,-3.174231522843371,-1.5021089885766656
2021-10-09 14:28:54.721,BTCUSDT,946974351,54993.86,0.00592,True,-325.5636512,364409.7099705003,-1,33,-3.8124575328070023,-2.3935269265220285
2021-10-09 14:28:54.721,BTCUSDT,946974352,54993.01,0.01487,True,-817.7460587,363591.9639118003,-1,32,-4.398504241508306,-3.1762271517399654
2021-10-09 14:28:54.721,BTCUSDT,946974353,54991.94,0.01721,True,-946.4112874,362645.5526244003,-1,31,-5.005378094941577,-3.9783976591105414
2021-10-09 14:28:54.725,BTCUSDT,946974354,54993.87,0.20638,False,11349.6348906,373995.1875150003,1,32,-5.469548111569992,-4.61235713651584
2021-10-09 14:28:54.767,BTCUSDT,946974355,54991.95,0.00599,False,329.4017805,374324.5892955003,1,33,-5.963992221373331,-5.332110327485239
2021-10-09 14:28:54.810,BTCUSDT,946974356,54991.94,0.00116,True,-63.7906504,374260.7986451003,-1,32,-5.676902298388555,-4.606338208584489
2021-10-09 14:28:54.816,BTCUSDT,946974357,54991.95,0.0043,False,236.465385,374497.2640301003,1,33,-5.2771259511829385,-3.714060621113788
2021-10-09 14:28:54.956,BTCUSDT,946974358,54991.95,0.00036,False,19.797102,374517.0611321003,1,34,-4.869975722032137,-2.853016108477206
2021-10-09 14:28:55.070,BTCUSDT,946974359,54991.94,0.00116,True,-63.7906504,374453.2704817003,-1,33,-4.242904776387718,-1.698208244811653
2021-10-09 14:28:55.197,BTCUSDT,946974360,54991.95,0.00165,False,90.7367175,374544.00719920034,1,34,-3.4176807667992364,-0.2434492439558653
2021-10-09 14:28:55.320,BTCUSDT,946974361,54991.95,0.06973,False,3834.5886735,378378.59587270033,1,35,-2.525395460620146,1.2870620721868562
2021-10-09 14:28:55.325,BTCUSDT,946974362,54991.94,0.20408,True,-11222.7551152,367155.8407575003,-1,34,-1.790456275682601,2.6080479658257048
2021-10-09 14:28:55.458,BTCUSDT,946974363,54991.72,0.00091,False,50.0424652,367205.88322270033,1,35,-1.0207455786816837,3.984632516259893
2021-10-09 14:28:55.684,BTCUSDT,946974364,54991.71,0.012,True,-659.90052,366545.9827027003,-1,34,-0.5534047068409365,4.9161434047290555
2021-10-09 14:28:55.684,BTCUSDT,946974365,54989.8,0.04382,True,-2409.653036,364136.32966670033,-1,33,-0.12035447132558375,5.843637750047748
2021-10-09 14:28:55.761,BTCUSDT,946974366,54989.81,0.00034,False,18.6965354,364155.0262021003,1,34,-0.09898784722153664,5.577914451167018
2021-10-09 14:28:55.858,BTCUSDT,946974367,54989.81,0.00788,False,433.3197028,364588.34590490034,1,35,-0.13436944791651229,5.142756503266426
2021-10-09 14:28:55.969,BTCUSDT,946974368,54989.81,0.01166,False,641.1811845999999,365229.52708950033,1,36,-0.1699335769714736,4.700042145060664
2021-10-09 14:28:56.007,BTCUSDT,946974369,54989.8,0.00052,True,-28.594696,365200.9323935004,-1,35,-0.32919924126430544,3.9137055351234125
2021-10-09 14:28:56.103,BTCUSDT,946974370,54989.8,0.005,True,-274.949,364925.9833935003,-1,34,-0.5924700983225648,2.8252106684766716
2021-10-09 14:28:56.263,BTCUSDT,946974371,54988.43,0.00091,False,50.0394713,364976.0228648004,1,35,-0.9633453740108848,1.5620500866092613
2021-10-09 14:28:56.304,BTCUSDT,946974372,54988.3,0.06875,False,3780.445625,368756.4684898004,1,36,-0.9892577444756085,0.8011985312069925
2021-10-09 14:28:56.359,BTCUSDT,946974373,54988.29,0.00177,True,-97.3292733,368659.13921650033,-1,35,-1.0304942258183019,-0.00974864713661816
2021-10-09 14:28:56.399,BTCUSDT,946974374,54985.44,0.03492,True,-1920.0915648,366739.0476517003,-1,34,-0.9279987727335595,-0.374594065892623
2021-10-09 14:28:56.415,BTCUSDT,946974375,54985.43,0.0162,True,-890.763966,365848.2836857003,-1,33,-0.767701603771286,-0.6473471324457023
2021-10-09 14:28:56.422,BTCUSDT,946974376,54984.99,0.00182,True,-100.0726818,365748.21100390033,-1,32,-0.6097706586034377,-0.5107828113819011
2021-10-09 14:28:56.431,BTCUSDT,946974377,54983.13,0.33,True,-18144.4329,347603.7781039003,-1,31,-0.7084118293615234,-0.5740423814450111
2021-10-09 14:28:56.451,BTCUSDT,946974378,54981.87,0.054,True,-2969.02098,344634.75712390034,-1,30,-0.8660005653268854,-0.6960669883554118
2021-10-09 14:28:56.460,BTCUSDT,946974379,54981.87,0.018,True,-989.67366,343645.0834639004,-1,29,-1.0387010367213776,-0.7095017954570721
2021-10-09 14:28:56.486,BTCUSDT,946974380,54981.81,0.00028,False,15.394906799999998,343660.4783707004,1,30,-1.2038308571637941,-0.6113607588412293
2021-10-09 14:28:56.552,BTCUSDT,946974381,54981.81,0.00059,False,32.4392679,343692.9176386004,1,31,-1.318872654279474,-0.35552728026858915
2021-10-09 14:28:56.579,BTCUSDT,946974382,54981.8,0.00158,True,-86.871244,343606.0463946004,-1,30,-1.6952746626487425,-0.706016918173134
2021-10-09 14:28:56.613,BTCUSDT,946974383,54981.8,0.00077,True,-42.335986,343563.7104086004,-1,29,-2.071353370481873,-1.040859144663571
2021-10-09 14:28:56.673,BTCUSDT,946974384,54981.8,0.0003,True,-16.49454,343547.2158686004,-1,28,-2.405408511335878,-1.4774097386023186
2021-10-09 14:28:56.697,BTCUSDT,946974385,54981.81,0.90262,False,49627.6813422,393174.8972108005,1,29,-2.0385189745172596,-1.2708173707459736
2021-10-09 14:28:56.722,BTCUSDT,946974386,54984.37,0.00066,False,36.2896842,393211.18689500046,1,30,-1.671041371141655,-1.0612707125382173
2021-10-09 14:28:56.722,BTCUSDT,946974387,54984.36,0.00036,True,-19.794369600000003,393191.3925254005,-1,29,-0.7989319950676474,-0.09052016570612409
2021-10-09 14:28:56.772,BTCUSDT,946974388,54984.36,0.00108,True,-59.3831088,393132.00941660046,-1,28,0.1561458745170512,1.0221464398439366
2021-10-09 14:28:56.801,BTCUSDT,946974389,54984.36,0.00827,True,-454.7206572,392677.2887594004,-1,27,1.1245083991467055,2.163209435868083
2021-10-09 14:28:56.870,BTCUSDT,946974390,54984.37,0.00683,False,375.5432471,393052.83200650045,1,28,2.086362744558201,3.2901936017219953
2021-10-09 14:28:57.032,BTCUSDT,946974391,54984.37,0.00181,False,99.5217097,393152.3537162005,1,29,3.041979713849912,4.360852368129386
2021-10-09 14:28:57.102,BTCUSDT,946974392,54984.37,0.02899,False,1593.9968863,394746.3506025004,1,30,4.066781918051987,5.76205658070073
2021-10-09 14:28:57.103,BTCUSDT,946974393,54985.44,0.0018,False,98.973792,394845.3243945004,1,31,5.085411539973393,7.156764910455266
2021-10-09 14:28:57.103,BTCUSDT,946974394,54989.8,0.0124,False,681.87352,395527.1979145004,1,32,6.078475712470606,8.483884223806484
2021-10-09 14:28:57.103,BTCUSDT,946974395,54989.81,0.03541,False,1947.1891721,397474.3870866004,1,33,5.743757635027606,7.782276609544866
2021-10-09 14:28:57.103,BTCUSDT,946974396,54991.86,0.00235,False,129.230871,397603.6179576004,1,34,5.411122079988772,7.082163451130427
2021-10-09 14:28:57.285,BTCUSDT,946974397,54995.22,0.00369,False,202.9323618,397806.5503194004,1,35,4.831380767487985,5.630312762555633
2021-10-09 14:28:57.656,BTCUSDT,946974398,54995.22,0.16911,False,9300.2416542,407106.7919736004,1,36,4.3373209062634,4.181175031746349
2021-10-09 14:28:57.656,BTCUSDT,946974399,54999.77,0.03128,False,1720.3928056,408827.1847792004,1,37,3.8713588594246175,2.746850460277912
2021-10-09 14:28:57.656,BTCUSDT,946974400,54995.21,0.712,True,-39156.58952,369670.5952592004,-1,36,2.9118623859228876,0.8254996413646865
2021-10-09 14:28:57.663,BTCUSDT,946974401,54999.77,0.00789,False,433.9481852999999,370104.5434445004,1,37,1.9621978889316551,-1.079781824918257
2021-10-09 14:28:57.694,BTCUSDT,946974402,54995.21,0.031,True,-1704.85151,368399.6919345004,-1,36,0.9548948848991898,-3.1118870331527972
2021-10-09 14:28:57.738,BTCUSDT,946974403,54988.81,0.009,True,-494.89929,367904.7926445005,-1,35,-0.055446380837636866,-5.14085792081103
2021-10-09 14:28:57.781,BTCUSDT,946974404,54990.51,0.011,False,604.89561,368509.6882545005,1,36,-1.0693417294493202,-7.147817441919926
2021-10-09 14:28:57.817,BTCUSDT,946974405,54990.51,0.00177,False,97.33320270000002,368607.02145720046,1,37,-1.4998272276176436,-7.24358486264525
2021-10-09 14:28:58.063,BTCUSDT,946974406,54990.51,0.00198,False,108.8812098,368715.9026670005,1,38,-1.9344906042224324,-7.345612684211204
2021-10-09 14:28:58.158,BTCUSDT,946974407,54990.51,0.01327,False,729.7240677000001,369445.62673470046,1,39,-2.3677431503067794,-7.199123917794765
2021-10-09 14:28:58.615,BTCUSDT,946974408,54990.5,0.06687,True,-3677.214735,365768.4119997005,-1,38,-3.095460368534532,-7.432781274797932
2021-10-09 14:28:58.667,BTCUSDT,946974409,54989.22,0.05492,False,3020.0079624,368788.41996210045,1,39,-3.838060236834437,-7.7094190962590545
2021-10-09 14:28:58.711,BTCUSDT,946974410,54989.22,0.04595,False,2526.754659,371315.1746211005,1,40,-3.5215832591197085,-6.433445645042596
2021-10-09 14:28:58.753,BTCUSDT,946974411,54989.21,0.00946,True,-520.1979266,370794.9766945005,-1,39,-3.220467757357497,-5.182665646289152
2021-10-09 14:28:58.756,BTCUSDT,946974412,54989.22,0.05268,False,2896.8321096,373691.8088041005,1,40,-2.813138501520612,-3.768033386419802
2021-10-09 14:28:58.812,BTCUSDT,946974413,54989.22,0.05184,False,2850.6411648,376542.4499689005,1,41,-2.3507208411986795,-2.2952744603610427
2021-10-09 14:28:58.863,BTCUSDT,946974414,54989.22,0.05321,False,2925.9763962,379468.4263651005,1,42,-1.8538131296978975,-0.7844714002485773
2021-10-09 14:28:58.866,BTCUSDT,946974415,54989.22,0.02727,False,1499.5560294,380967.98239450046,1,43,-1.3117983784954106,0.18802884912223305
2021-10-09 14:28:58.907,BTCUSDT,946974416,54989.22,0.04923,False,2707.1193006000003,383675.1016951005,1,44,-0.7323987459047459,1.2020918583176865
2021-10-09 14:28:58.937,BTCUSDT,946974417,54989.22,0.00045,False,24.745149,383699.8468441005,1,45,-0.16723254954914069,2.2005106007576387
2021-10-09 14:28:58.957,BTCUSDT,946974418,54989.22,0.03455,False,1899.877551,385599.7243951005,1,46,0.6478297393715593,3.743290107906091
2021-10-09 14:28:58.957,BTCUSDT,946974419,54990.5,0.01281,False,704.428305,386304.1527001005,1,47,1.4194345328705396,5.2574947697049765
2021-10-09 14:28:58.957,BTCUSDT,946974420,54990.51,0.0005,False,27.495255,386331.6479551005,1,48,1.5946985790898935,5.116281838209602
2021-10-09 14:28:59.030,BTCUSDT,946974421,54990.5,0.00063,True,-34.644015,386297.0039401005,-1,47,1.7884638116963316,5.0089315690538285
2021-10-09 14:28:59.140,BTCUSDT,946974422,54990.5,0.00036,True,-19.79658,386277.20736010047,-1,46,1.8810899466321587,4.694228448152771
2021-10-09 14:28:59.788,BTCUSDT,946974423,54990.5,0.00045,True,-24.745725,386252.4616351005,-1,45,1.890725736674483,4.2414465778731625
2021-10-09 14:28:59.977,BTCUSDT,946974424,54990.5,0.00137,True,-75.336985,386177.1246501005,-1,44,1.8301275611173509,3.6839406908152483
2021-10-09 14:28:59.980,BTCUSDT,946974425,54990.5,0.00053,True,-29.144965,386147.9796851005,-1,43,1.731186293714316,3.0429846722097267
2021-10-09 14:28:59.989,BTCUSDT,946974426,54990.5,0.00051,True,-28.045155,386119.9345301005,-1,42,1.5625517338146295,2.2949504797193754
2021-10-09 14:28:59.989,BTCUSDT,946974427,54990.51,0.00152,False,83.58557520000001,386203.5201053005,1,43,1.4048346921054389,1.5720672416545796
2021-10-09 14:29:00.014,BTCUSDT,946974428,54990.51,0.0004,False,21.996204,386225.5163093005,1,44,1.1495876828053468,0.5017579434337875
2021-10-09 14:29:00.027,BTCUSDT,946974429,54990.5,0.02688,True,-1478.14464,384747.3716693005,-1,43,0.8979689714428076,-0.5214655614277319
2021-10-09 14:29:00.264,BTCUSDT,946974430,54990.5,0.01259,True,-692.3303950000001,384055.0412743005,-1,42,0.6708826752760899,-0.9238159038138036
2021-10-09 14:29:00.390,BTCUSDT,946974431,54990.5,0.00116,True,-63.78898,383991.2522943005,-1,41,0.4378206422607178,-1.3506431694356138
2021-10-09 14:29:00.443,BTCUSDT,946974432,54990.5,0.0002,True,-10.9981,383980.2541943005,-1,40,0.24368262156595222,-1.6374073250662065
2021-10-09 14:29:00.515,BTCUSDT,946974433,54990.51,0.09457,False,5200.4525307,389180.70672500046,1,41,0.1552273218854623,-1.7354984147890207
2021-10-09 14:29:00.515,BTCUSDT,946974434,54995.18,0.01989,False,1093.8541302,390274.56085520046,1,42,0.12115233590472485,-1.708975225212626
2021-10-09 14:29:00.515,BTCUSDT,946974435,54995.44,0.03069,False,1687.8100536,391962.37090880045,1,43,0.12919368698997857,-1.6019926067243375
2021-10-09 14:29:00.515,BTCUSDT,946974436,54997.88,0.05566,False,3061.1820008,395023.5529096004,1,44,0.21250652481394638,-1.3500452090006831
2021-10-09 14:29:00.539,BTCUSDT,946974437,54995.17,0.00022,True,-12.0989374,395011.45397220046,-1,43,0.2935817982593534,-1.1112528938460855
2021-10-09 14:29:00.680,BTCUSDT,946974438,54995.17,0.00023,True,-12.6488891,394998.80508310045,-1,42,0.3982796003600555,-0.7513080824452913
2021-10-09 14:29:00.799,BTCUSDT,946974439,54995.17,0.00116,True,-63.7943972,394935.01068590046,-1,41,0.5491007537938373,-0.34886821764897036
2021-10-09 14:29:01.004,BTCUSDT,946974440,54995.17,0.004,True,-219.98068,394715.0300059005,-1,40,0.714947468383869,0.04406479310777911
2021-10-09 14:29:01.049,BTCUSDT,946974441,54995.17,0.00116,True,-63.7943972,394651.2356087005,-1,39,0.8808146069487321,0.44299396468801433
2021-10-09 14:29:01.108,BTCUSDT,946974442,54995.18,0.00088,False,48.395758400000005,394699.63136710046,1,40,1.0469663361866992,0.803283714620747
2021-10-09 14:29:01.151,BTCUSDT,946974443,54995.18,0.00635,False,349.219393,395048.85076010047,1,41,1.083485305469182,0.9282579835837197
2021-10-09 14:29:01.156,BTCUSDT,946974444,54995.17,0.00057,True,-31.3472469,395017.5035132005,-1,40,1.0905267167732973,0.9693743808685724
2021-10-09 14:29:01.297,BTCUSDT,946974445,54995.17,0.00116,True,-63.7943972,394953.7091160005,-1,39,1.0531782227037212,0.9239845357137426
2021-10-09 14:29:01.542,BTCUSDT,946974446,54995.17,0.00116,True,-63.7943972,394889.91471880046,-1,38,0.9364992795165819,0.7239927547026355
2021-10-09 14:29:01.576,BTCUSDT,946974447,54995.17,0.00059,True,-32.447150300000004,394857.4675685004,-1,37,0.821055499000451,0.5274737007410977
2021-10-09 14:29:01.629,BTCUSDT,946974448,54995.17,0.00027,True,-14.8486959,394842.6188726004,-1,36,0.7062835784181516,0.3080039780580961
2021-10-09 14:29:01.800,BTCUSDT,946974449,54995.17,0.00116,True,-63.7943972,394778.8244754005,-1,35,0.5736441096576357,0.02454335586379841
2021-10-09 14:29:01.825,BTCUSDT,946974450,54995.18,0.0099,False,544.4522820000001,395323.2767574004,1,36,0.44498829714072485,-0.26995917124314417
2021-10-09 14:29:01.829,BTCUSDT,946974451,54995.17,0.02119,True,-1165.3476523,394157.9291051004,-1,35,0.30275408163456063,-0.5780605253141715
2021-10-09 14:29:01.872,BTCUSDT,946974452,54995.18,0.00992,False,545.5521856,394703.4812907004,1,36,0.1664278905935106,-0.8805384455931886
2021-10-09 14:29:01.891,BTCUSDT,946974453,54995.17,0.00419,True,-230.4297623,394473.0515284004,-1,35,0.08463690465102047,-0.9988484008181615
2021-10-09 14:29:02.059,BTCUSDT,946974454,54995.17,0.00116,True,-63.7943972,394409.2571312004,-1,34,0.016799818199160654,-1.0737268985741366
2021-10-09 14:29:02.294,BTCUSDT,946974455,54995.18,0.0531,False,2920.244058,397329.5011892004,1,35,0.008995515861798253,-1.044182706841923
2021-10-09 14:29:02.307,BTCUSDT,946974456,54995.17,0.00116,True,-63.7943972,397265.7067920004,-1,34,0.04075363253352293,-0.8957456469830589
2021-10-09 14:29:02.499,BTCUSDT,946974457,54995.18,0.04292,False,2360.3931256,399626.0999176004,1,35,0.10299672918137048,-0.7180587698190806
2021-10-09 14:29:02.569,BTCUSDT,946974458,54999.02,0.00116,True,-63.7988632,399562.3010544004,-1,34,0.16457726142175488,-0.5417063169963967
2021-10-09 14:29:02.603,BTCUSDT,946974459,54999.99,0.00022,True,-12.0999978,399550.2010566004,-1,33,0.22673843645139868,-0.346905673206237
2021-10-09 14:29:02.778,BTCUSDT,946974460,55000.0,0.0247,False,1358.5,400908.7010566004,1,34,0.2893959701957982,-0.15559232694492664
2021-10-09 14:29:02.780,BTCUSDT,946974461,55000.0,0.06656,False,3660.8,404569.5010566004,1,35,0.4265315133150409,0.12377743168048028
2021-10-09 14:29:02.780,BTCUSDT,946974462,55000.01,0.00676,False,371.8000676,404941.30112420034,1,36,0.5548531039785303,0.3884252133850197
2021-10-09 14:29:02.793,BTCUSDT,946974463,55001.84,0.00019,True,-10.4503496,404930.8507746004,-1,35,0.6929318609761452,0.6082949563251248
2021-10-09 14:29:02.824,BTCUSDT,946974464,55001.85,0.0009,False,49.501665,404980.35243960033,1,36,0.8324900886969857,0.815690270497825
